Item_Name,UOM,Category,Price,Dominant_Batch_Pattern,RandomForest_Monthly,GradientBoosting_Monthly,Ridge_Monthly,LinearRegression_Monthly,Final_Monthly_Prediction,Confidence,Risk_Level,Adjustments_Applied,Procurement_Recommendation,Avg_Daily_Consumption_Rate,Seasonal_Adjusted_Daily_Rate,Recent_Weighted_Daily_Rate,Last_Month_Daily_Rate,Months_Available,Daily_Rate_Trend,Batch_Pattern_Stability,Data_Quality,Is_Critical,Withdrawal_Pattern_Risk,Avg_Withdrawal_Frequency,Avg_Batch_Size,Batch_Size_Variability,Is_Single_Batch_Item,Batch_Size_Risk,Prediction_Quality
R1,Litres,HK Chemicals,201.96,Highly_Predictable_Batches,33,34,98,23,37,52.8,Low,Consumption decreasing trend (-15%),Order 46 units (37 + 9 medium risk buffer),1.1916666666666667,0.9973152578415736,1.0666666666666667,1.1666666666666667,4,-0.17666666666666678,0.5,0.6535198740767286,0,0,8.25,5.376388888888889,0.42476544320316334,0,0,Fair
R2,Litres,HK Chemicals,166.32,Regular_BiWeekly_Batches,32,36,120,70,45,56.8,Low,Consumption decreasing trend (-20%),Order 56 units (45 + 11 medium risk buffer),0.9333333333333332,0.7709842788790155,0.6799999999999999,0.4,4,-0.2133333333333332,0.75,0.7286933647383906,0,0,7.75,3.883116883116883,0.34707261165719283,0,0,Fair
R3,Litres,HK Chemicals,205.26,Regular_Weekly_Batches,19,23,106,29,31,50.0,Low,Consumption decreasing trend (-20%),Order 38 units (31 + 7 medium risk buffer),0.47500000000000003,0.3968780853649274,0.26666666666666666,0.16666666666666666,4,-0.19000000000000006,0.5,0.6072148718090585,0,0,4.25,3.866071428571429,0.33863741027228894,0,0,Fair
R4,Lts,HK Chemicals,326.8,No_Consumption,2,0,0,0,1,27.7,High,High batch volatility adjustment (-0%); Withdrawal pattern risk adjustment (-10%); Consumption increasing trend (+20%),Order 6 units (1 + 5 high risk buffer) (Pattern: No_Consumption),0.1,0.08424728487886382,0.23666666666666664,0.26666666666666666,5,0.06333333333333335,0.4,0.5390499551990572,0,1,1.2,1.7333333333333332,1.0374794631045168,1,1,Poor
R5,Litres,HK Chemicals,173.68,Highly_Predictable_Batches,19,14,69,31,23,51.5,Low,Consumption decreasing trend (-20%),Order 28 units (23 + 5 medium risk buffer),0.39166666666666666,0.3311284840890104,0.21666666666666665,0.16666666666666666,4,-0.12333333333333331,0.5,0.6322103391867574,0,0,3.0,4.458333333333334,0.2058195657988611,0,0,Fair
R6,Litres,HK Chemicals,126.32,Regular_BiWeekly_Batches,36,25,176,37,47,46.5,Medium,Consumption decreasing trend (-20%),Order 58 units (47 + 11 medium risk buffer),0.8833333333333333,0.737920653907496,0.37999999999999995,0.0,4,-0.3466666666666666,0.5,0.5605906924036437,0,0,7.25,2.9731379731379732,0.6527121291038619,0,0,Fair
R7,Lts,HK Chemicals,99.6,No_Consumption,7,9,103,46,9,31.1,High,Single batch item conservative cap; Withdrawal pattern risk adjustment (-10%),Order 14 units (9 + 5 high risk buffer) (Pattern: No_Consumption),0.2333333333333333,0.18655844155844153,0.15,0.0,5,0.016666666666666684,0.4,0.5346432903085767,0,1,1.2,3.5,0.8333333333333333,1,0,Poor
R9,Lts,HK Chemicals,170.52,Highly_Predictable_Batches,17,29,126,75,37,37.6,Medium,Withdrawal pattern risk adjustment (-10%); Consumption decreasing trend (-20%),Order 46 units (37 + 9 medium risk buffer),0.4,0.3337833219412166,0.15,0.0,5,-0.15000000000000002,0.4,0.5836165696400494,0,1,2.2,4.5,0.5324977701702561,0,0,Poor
D7,Lts,HK Chemicals,255.56,No_Consumption,12,11,132,0,20,33.3,High,Withdrawal pattern risk adjustment (-10%); Consumption decreasing trend (-15%),Order 28 units (20 + 8 high risk buffer) (Pattern: No_Consumption),0.32,0.2586796536796536,0.15,0.0,5,-0.04999999999999996,0.4,0.5364926571692389,0,1,2.0,2.9,0.7916228058025278,0,0,Poor
TR 101,Litres,HK Chemicals,210.3,Single_Large_Batch,21,19,8,0,13,51.0,Medium,Consumption decreasing trend (-20%),Order 16 units (13 + 3 medium risk buffer),0.22499999999999998,0.1889534442166021,0.16666666666666666,0.16666666666666666,4,-0.056666666666666685,0.5,0.6307649136921349,0,0,1.75,4.333333333333334,0.26045876805547025,0,0,Fair
TR103,Lts,HK Chemicals,263.1,Highly_Predictable_Batches,13,13,39,21,24,56.0,Low,Consumption increasing trend (+20%),Order 30 units (24 + 6 medium risk buffer),0.31999999999999995,0.2660751120224804,0.4966666666666666,0.5666666666666667,5,0.07000000000000002,0.6,0.729673569814937,0,0,2.4,3.95,0.31812589448704015,0,0,Fair
BR302,Lts,HK Chemicals,297.6,Regular_BiWeekly_Batches,58,64,89,43,63,53.4,Low,No adjustments,Order 78 units (63 + 15 medium risk buffer),1.9,1.573471557682084,1.5166666666666666,1.1666666666666667,5,-0.11666666666666654,0.6,0.7012508310832737,0,0,7.6,7.591269841269842,0.09902335645554343,0,0,Fair
BR 303,Lts,HK Chemicals,135.8,Regular_BiWeekly_Batches,48,44,89,157,73,52.4,Low,No adjustments,Order 91 units (73 + 18 medium risk buffer),1.6333333333333333,1.3600903774587985,1.1666666666666667,0.6666666666666666,5,-0.1500000000000001,0.6,0.6855878578063658,0,0,6.6,7.359126984126985,0.08231568601002598,0,0,Fair
Handwash (BR 802),Lts,HK Chemicals,435.75,Regular_BiWeekly_Batches,111,114,232,0,125,36.5,Medium,Withdrawal pattern risk adjustment (-10%); Consumption increasing trend (+20%),Order 156 units (125 + 31 medium risk buffer),1.8666666666666667,1.5838972431077694,3.8666666666666667,4.666666666666667,5,0.7500000000000002,0.4,0.55426979942193,0,1,5.0,8.546825396825398,0.6089425137019097,0,0,Poor
Emural Plus,Lts,HK Chemicals,248.0,Low_Volume_Regular,14,6,110,25,31,56.1,Low,No adjustments,Order 38 units (31 + 7 medium risk buffer),0.26666666666666666,0.21778514467988147,0.18333333333333332,0.13333333333333333,5,0.003333333333333321,0.8,0.770311247203183,0,0,4.4,1.8399999999999999,0.39874390939822096,0,0,Fair
Pril-Dishwash-125ml,Bottles,HK Chemicals,17.0,Highly_Predictable_Batches,35,31,136,0,58,60.0,Low,Consumption increasing trend (+20%),Order 72 units (58 + 14 medium risk buffer),1.0399999999999998,0.8587537024379129,1.3699999999999999,1.4,5,0.22999999999999995,0.8,0.8207951618410865,0,0,14.6,2.3309147869674187,0.485491174157639,0,0,Fair
Suma multi D2,Lts,HK Chemicals,102.48,No_Consumption,2,3,85,0,1,22.7,High,Single batch item conservative cap; High batch volatility adjustment (-8%); Withdrawal pattern risk adjustment (-10%); Consumption decreasing trend (-20%),Order 6 units (1 + 5 high risk buffer) (Pattern: No_Consumption),0.03333333333333333,0.028333333333333332,0.0,0.0,5,-0.03333333333333332,0.8,0.6214666666666666,0,1,0.2,1.0,1.8181818181818181,1,1,Poor
Suma grill D9,Lts,HK Chemicals,243.8,No_Consumption,0,0,45,0,0,15.0,High,Single batch item conservative cap; Withdrawal pattern risk adjustment (-10%),Order 5 units (0 + 5 high risk buffer) (Pattern: No_Consumption),0.0,0.0,0.0,0.0,5,0.0,1.0,0.7000000000000001,0,1,0.0,0.0,0.0,1,0,Poor
Suma Scale D5.2,Lts,HK Chemicals,263.8,Regular_Weekly_Batches,12,19,134,12,28,35.6,Medium,Withdrawal pattern risk adjustment (-10%); Consumption decreasing trend (-15%),Order 35 units (28 + 7 medium risk buffer),0.3866666666666666,0.3179285334548492,0.19999999999999998,0.0,5,-0.05999999999999997,0.4,0.5702311182429115,0,1,2.2,4.533333333333333,0.7116122600793231,0,0,Poor
Suma drain,Lts,HK Chemicals,139.2,Highly_Predictable_Batches,14,14,11,24,14,39.5,Medium,Withdrawal pattern risk adjustment (-10%),Order 17 units (14 + 3 medium risk buffer),0.31333333333333335,0.2554196096301359,0.21666666666666665,0.16666666666666666,5,0.010000000000000014,0.4,0.6191386157516269,0,1,2.2,4.466666666666667,0.23357664233576644,0,0,Poor
Ross DSC 402,Lts,HK Chemicals,945.0,No_Consumption,9,13,48,78,13,26.3,High,Single batch item conservative cap; High batch volatility adjustment (-2%); Withdrawal pattern risk adjustment (-10%); Consumption increasing trend (+11%),Order 18 units (13 + 5 high risk buffer) (Pattern: No_Consumption),0.3,0.23427128427128424,0.09999999999999999,0.0,5,0.03333333333333334,0.6,0.546203673807508,0,1,1.4,2.4,1.2026637102698325,1,1,Poor
Biodegradable Covers-Medium (24*36)-Green(70),Nos,HK Consumables,177.0,Regular_BiWeekly_Batches,145,136,206,0,139,32.0,High,Withdrawal pattern risk adjustment (-10%); Consumption increasing trend (+20%),Order 194 units (139 + 55 high risk buffer) (Pattern: Regular_BiWeekly_Batches),1.5933333333333333,1.3429857978279032,3.716666666666667,5.166666666666667,5,0.75,0.2,0.4662323897965263,0,1,5.2,9.261666666666667,0.6323733493618982,0,0,Poor
Biodegradable Covers - Small (19*21) black(30),Rolls,HK Consumables,45.0,Regular_BiWeekly_Batches,96,47,205,36,106,56.7,Low,Consumption increasing trend (+17%),Order 132 units (106 + 26 medium risk buffer),2.4733333333333336,2.067725222146275,3.293333333333333,3.6333333333333333,5,0.4266666666666667,0.8,0.7733377634141712,0,0,9.0,8.72960927960928,0.3613422013817259,0,0,Fair
Biodegradable Covers-Big (35*45) Black(40),KG,HK Consumables,174.0,Regular_BiWeekly_Batches,415,293,477,476,333,49.5,Medium,Consumption decreasing trend (-16%),Order 416 units (333 + 83 medium risk buffer),8.666666666666666,7.394861206045416,6.633333333333333,8.333333333333334,4,-1.4000000000000004,0.5,0.5971947908262917,0,0,10.25,25.128596893302777,0.3579320264577126,0,0,Fair
Biodegradable Covers-Big (30*37) Black(15),Roll,HK Consumables,109.25,Unknown,590,636,251,27,432,31.8,High,Irregular batch pattern adjustment (-15%); Withdrawal pattern risk adjustment (-10%); Consumption increasing trend (+20%),Order 604 units (432 + 172 high risk buffer) (Pattern: Unknown),5.706666666666667,4.763283283967494,9.190000000000001,9.8,5,1.5366666666666673,0.4,0.6240918244373295,0,1,15.2,11.287156862745098,0.33671246362064977,0,0,Poor
M-Fold Tissue (40/box),Box,Toiletries,49.45,Irregular_Batch_Pattern,1411,1849,2117,0,1291,31.0,High,Irregular batch pattern adjustment (-15%); Withdrawal pattern risk adjustment (-10%); Consumption increasing trend (+16%),Order 1807 units (1291 + 516 high risk buffer) (Pattern: Irregular_Batch_Pattern),34.013333333333335,28.587552213868,49.669999999999995,61.0,5,5.406666666666666,0.4,0.6081401672350538,0,1,12.8,89.77052631578947,0.5685301406359659,0,0,Poor
T-Rolls,No's,Toiletries,19.38,Unknown,1511,2218,2401,667,1689,43.3,High,Irregular batch pattern adjustment (-15%); Consumption increasing trend (+13%),Order 2364 units (1689 + 675 high risk buffer) (Pattern: Unknown),58.53333333333334,49.07099643047011,75.23333333333332,79.33333333333333,5,7.366666666666663,0.6,0.7111945837087913,0,0,11.6,156.64945054945056,0.2881208638370614,0,0,Poor
Urinal Screens,No's,Toiletries,99.75,Regular_Weekly_Batches,48,50,109,167,66,56.2,Low,Consumption decreasing trend (-18%),Order 82 units (66 + 16 medium risk buffer),2.253333333333333,1.881604465709729,1.4,0.2,5,-0.4133333333333329,0.8,0.7495512074984624,0,0,2.6,25.506666666666668,0.5857504690594137,0,0,Fair
Sanitary Napkins,Pkt,Toiletries,11.11,Regular_Weekly_Batches,52,40,0,593,93,31.0,High,High batch volatility adjustment (-1%); Withdrawal pattern risk adjustment (-10%); Consumption decreasing trend (-20%),Order 130 units (93 + 37 high risk buffer) (Pattern: Regular_Weekly_Batches),19.46,17.15373593073593,1.5466666666666666,1.5666666666666667,5,-10.890000000000006,0.4,0.5486423304784498,0,1,8.8,43.90833333333334,1.1449755563442865,0,1,Poor
MF-Blue,No's,HK Consumables,120.75,Regular_BiWeekly_Batches,42,27,164,0,63,55.7,Low,Consumption increasing trend (+20%),Order 78 units (63 + 15 medium risk buffer),1.1266666666666665,0.9257363104731524,1.6566666666666667,1.6666666666666667,5,0.3800000000000001,0.8,0.7605658135177638,0,0,8.4,3.741904761904762,0.39251429478153144,0,0,Fair
MF-Green,No's,HK Consumables,120.75,Regular_BiWeekly_Batches,68,89,157,0,96,52.1,Low,Consumption increasing trend (+20%),Order 120 units (96 + 24 medium risk buffer),1.2266666666666666,1.0142468291941975,1.873333333333333,2.1333333333333333,5,0.4000000000000001,0.6,0.6732610558059378,0,0,7.2,4.938571428571429,0.408794133631876,0,0,Fair
MF-Red,No's,HK Consumables,145.0,Regular_Weekly_Batches,14,15,89,0,31,52.0,Low,Consumption increasing trend (+20%),Order 38 units (31 + 7 medium risk buffer),0.4333333333333333,0.3598107389686337,0.5833333333333333,0.6333333333333333,5,0.09333333333333334,0.6,0.6990932683253553,0,0,3.2,4.166666666666666,0.35971451353816686,0,0,Fair
MF-white,No's,HK Consumables,120.75,Regular_BiWeekly_Batches,68,80,142,7,90,53.0,Low,Consumption increasing trend (+20%),Order 112 units (90 + 22 medium risk buffer),1.1666666666666667,0.9698430925799346,1.91,2.1,5,0.35000000000000003,0.6,0.6857714142304139,0,0,6.6,5.5980952380952385,0.41989757666931177,0,0,Fair
MF-Yellow,No's,HK Consumables,145.0,Regular_Weekly_Batches,19,25,90,0,37,52.0,Low,Consumption increasing trend (+20%),Order 46 units (37 + 9 medium risk buffer),0.5533333333333333,0.4613717627401838,0.7533333333333333,0.6333333333333333,5,0.14000000000000004,0.6,0.6799844910772066,0,0,4.6,3.5322222222222224,0.1595000893441499,0,0,Fair
Dry Mop Set,No's,HK Consumables,368.42,No_Consumption,2,0,96,0,6,29.6,High,Single batch item conservative cap; Withdrawal pattern risk adjustment (-10%); Consumption increasing trend (+16%),Order 11 units (6 + 5 high risk buffer) (Pattern: No_Consumption),0.13333333333333333,0.10898230424546211,0.10999999999999999,0.0,5,0.02333333333333333,0.4,0.5413126875716571,0,1,1.4,1.6333333333333333,0.8302705055739578,1,0,Poor
Dry Mop Refills,No's,HK Consumables,368.42,Low_Volume_Regular,6,7,146,0,26,35.2,Medium,Withdrawal pattern risk adjustment (-10%),Order 32 units (26 + 6 medium risk buffer),0.1,0.08093946988683828,0.049999999999999996,0.0,5,0.0066666666666666645,0.6,0.6117794949110142,0,1,1.8,1.08,0.8153229471732673,0,0,Poor
Cobweb brush,No's,HK Consumables,85.0,No_Consumption,3,5,82,0,3,22.9,High,Single batch item conservative cap; High batch volatility adjustment (-7%); Withdrawal pattern risk adjustment (-10%); Consumption increasing trend (+20%),Order 8 units (3 + 5 high risk buffer) (Pattern: No_Consumption),0.06,0.048571428571428564,0.09,0.0,5,0.030000000000000013,0.8,0.607369393947124,0,1,0.6,0.6,1.7142857142857144,1,1,Poor
Cobweb stick rod,No's,HK Consumables,120.75,No_Consumption,1,1,0,0,1,29.3,High,High batch volatility adjustment (-2%); Withdrawal pattern risk adjustment (-10%); Consumption increasing trend (+16%),Order 6 units (1 + 5 high risk buffer) (Pattern: No_Consumption),0.09333333333333334,0.07334776334776333,0.049999999999999996,0.0,5,0.01666666666666667,0.6,0.5780596999566421,0,1,0.8,1.4,1.2183777921664711,1,1,Poor
Glass cleaning Kit,No's,HK Consumables,257.9,No_Consumption,3,0,96,0,5,29.6,High,Single batch item conservative cap; Withdrawal pattern risk adjustment (-10%); Consumption increasing trend (+19%),Order 10 units (5 + 5 high risk buffer) (Pattern: No_Consumption),0.09333333333333334,0.07571048834206728,0.08,0.0,5,0.020000000000000004,0.4,0.5435939550641478,0,1,1.0,1.6,0.8803899733585744,1,0,Poor
"Scotch brite , 3m small",No'S,HK Consumables,7.4,Regular_Weekly_Batches,66,68,84,65,72,39.2,Medium,Withdrawal pattern risk adjustment (-10%); Consumption increasing trend (+15%),Order 90 units (72 + 18 medium risk buffer),2.166666666666667,1.7926949950634161,2.433333333333333,2.3333333333333335,5,0.3166666666666666,0.4,0.6239955299448501,0,1,7.0,9.79722222222222,0.38777301796593816,0,0,Poor
Thinner,Lts,HK Consumables,125.0,No_Consumption,4,7,0,0,1,25.6,High,Single batch item conservative cap; High batch volatility adjustment (-1%); Withdrawal pattern risk adjustment (-10%),Order 6 units (1 + 5 high risk buffer) (Pattern: No_Consumption),0.02,0.01646031746031746,0.02,0.0,5,4.024202807879055e-18,0.6,0.5947851851851853,0,1,0.4,0.6,1.1428571428571428,1,1,Poor
Spray Guns,No's,HK Consumables,44.0,Regular_Weekly_Batches,21,22,106,39,48,56.7,Low,Consumption increasing trend (+20%),Order 60 units (48 + 12 medium risk buffer),0.56,0.4640830865041391,0.7533333333333333,0.6333333333333333,5,0.15000000000000002,0.8,0.7641123242418403,0,0,3.0,5.623333333333333,0.1901338371833729,0,0,Fair
Caddy Kits Blue,No's,HK Consumables,236.25,No_Consumption,0,0,45,0,0,15.0,High,Single batch item conservative cap; Withdrawal pattern risk adjustment (-10%),Order 5 units (0 + 5 high risk buffer) (Pattern: No_Consumption),0.0,0.0,0.0,0.0,5,0.0,1.0,0.7000000000000001,0,1,0.0,0.0,0.0,1,0,Poor
Caddy Kits Red,No's,HK Consumables,236.25,No_Consumption,0,0,45,0,0,15.0,High,Single batch item conservative cap; Withdrawal pattern risk adjustment (-10%),Order 5 units (0 + 5 high risk buffer) (Pattern: No_Consumption),0.0,0.0,0.0,0.0,5,0.0,1.0,0.7000000000000001,0,1,0.0,0.0,0.0,1,0,Poor
Aroma Oil,Lts,HK Consumables,1550.0,Regular_BiWeekly_Batches,34,32,68,0,36,39.1,Medium,Withdrawal pattern risk adjustment (-10%); Consumption increasing trend (+19%),Order 45 units (36 + 9 medium risk buffer),0.7733333333333333,0.6403991797676009,0.9766666666666666,0.9666666666666667,5,0.15000000000000005,0.4,0.6223283407702289,0,1,9.2,3.153928571428571,0.5439253855893815,0,0,Poor
Dust Pan,No's,HK Consumables,29.47,Single_Large_Batch,5,7,86,0,3,32.1,High,Single batch item conservative cap; Withdrawal pattern risk adjustment (-10%); Consumption increasing trend (+20%),Order 8 units (3 + 5 high risk buffer) (Pattern: Single_Large_Batch),0.05333333333333333,0.044899521531100474,0.09333333333333332,0.13333333333333333,5,0.02,0.6,0.6227092325404409,0,1,0.6,1.6,0.8803899733585744,1,0,Poor
Carpet Brush,No's,HK Consumables,50.53,No_Consumption,3,2,112,0,3,29.1,High,Single batch item conservative cap; Withdrawal pattern risk adjustment (-10%); Consumption increasing trend (+20%),Order 8 units (3 + 5 high risk buffer) (Pattern: No_Consumption),0.05333333333333333,0.04349737981316928,0.06,0.0,5,0.016666666666666673,0.4,0.5372638488106615,0,1,0.8,1.0,0.9958591954639382,1,0,Poor
Air Freshner,No's,HK Consumables,95.0,Regular_Weekly_Batches,11,14,95,0,28,36.9,Medium,Withdrawal pattern risk adjustment (-10%); Consumption increasing trend (+20%),Order 35 units (28 + 7 medium risk buffer),0.3733333333333333,0.30429057492215383,0.5966666666666666,0.5666666666666667,5,0.16666666666666674,0.4,0.5886043109229552,0,1,4.0,2.45,0.5559783089708951,0,0,Poor
WC Brush,No's,HK Consumables,33.68,No_Consumption,1,3,0,0,2,28.0,High,High batch volatility adjustment (-2%); Withdrawal pattern risk adjustment (-10%); Consumption increasing trend (+20%),Order 7 units (2 + 5 high risk buffer) (Pattern: No_Consumption),0.10666666666666666,0.08438672438672437,0.08,0.0,5,0.02666666666666667,0.6,0.5674582409843755,0,1,0.4,3.2,1.1876313904403288,1,1,Poor
Wet Mop Rod Blue,No's,HK Consumables,131.58,No_Consumption,5,9,19,8,9,28.0,High,High batch volatility adjustment (-3%); Withdrawal pattern risk adjustment (-10%); Consumption increasing trend (+20%),Order 14 units (9 + 5 high risk buffer) (Pattern: No_Consumption),0.14666666666666667,0.12043441938178781,0.18999999999999997,0.0,5,0.05333333333333335,0.6,0.5402335406739849,0,1,0.8,1.8666666666666665,1.2800818704067256,1,1,Poor
Wet Mop Rod Red,No's,HK Consumables,131.58,No_Consumption,6,10,4,0,6,28.1,High,High batch volatility adjustment (-4%); Withdrawal pattern risk adjustment (-10%); Consumption increasing trend (+20%),Order 11 units (6 + 5 high risk buffer) (Pattern: No_Consumption),0.14666666666666667,0.11956808688387632,0.19999999999999998,0.0,5,0.05666666666666668,0.4,0.49349088679336955,0,1,1.0,1.7333333333333336,1.3673887765064119,1,1,Poor
Wet Mop Rod yellow,No's,HK Consumables,131.58,No_Consumption,2,2,0,0,2,28.5,High,High batch volatility adjustment (-2%); Withdrawal pattern risk adjustment (-10%); Consumption increasing trend (+20%),Order 7 units (2 + 5 high risk buffer) (Pattern: No_Consumption),0.08,0.06557142857142857,0.15999999999999998,0.1,5,0.05000000000000002,0.6,0.568371400105523,0,1,0.6,1.5,1.185854122563142,1,1,Poor
Wet Mop Rod Green,No's,HK Consumables,131.58,No_Consumption,3,2,0,0,2,28.6,High,High batch volatility adjustment (-4%); Withdrawal pattern risk adjustment (-10%); Consumption increasing trend (+20%),Order 7 units (2 + 5 high risk buffer) (Pattern: No_Consumption),0.05333333333333333,0.04344444444444444,0.06999999999999999,0.0,5,0.016666666666666673,0.6,0.5740690385594613,0,1,0.6,0.9,1.3564659966250538,1,1,Poor
Tool  Holder,No's,HK Consumables,82.5,No_Consumption,1,0,45,0,0,15.0,High,Single batch item conservative cap; Withdrawal pattern risk adjustment (-10%),Order 5 units (0 + 5 high risk buffer) (Pattern: No_Consumption),0.0,0.0,0.0,0.0,5,0.0,1.0,0.7000000000000001,0,1,0.0,0.0,0.0,1,0,Poor
Caution Board-Wet Floor,No's,HK Consumables,362.0,No_Consumption,4,2,68,0,4,29.9,High,Single batch item conservative cap; Withdrawal pattern risk adjustment (-10%); Consumption increasing trend (+20%),Order 9 units (4 + 5 high risk buffer) (Pattern: No_Consumption),0.08,0.06734928229665071,0.13999999999999999,0.2,5,0.029999999999999995,0.4,0.5512686347418454,0,1,1.2,1.4,0.9043106644167024,1,0,Poor
Neutrile Gloves,Box,HK Consumables,789.0,Regular_Weekly_Batches,66,57,141,0,78,54.5,Low,Consumption increasing trend (+19%),Order 97 units (78 + 19 medium risk buffer),1.48,1.221988455988456,1.9433333333333334,1.9333333333333333,5,0.2800000000000001,0.6,0.7108844793647008,0,0,9.6,6.676190476190476,0.6062825393888369,0,0,Fair
Telescopic Rod,No's,HK Consumables,578.95,No_Consumption,0,0,45,0,0,15.0,High,Single batch item conservative cap; Withdrawal pattern risk adjustment (-10%),Order 5 units (0 + 5 high risk buffer) (Pattern: No_Consumption),0.0,0.0,0.0,0.0,5,0.0,1.0,0.7000000000000001,0,1,0.0,0.0,0.0,1,0,Poor
Bucket Big,No's,HK Consumables,127.17,No_Consumption,1,1,66,0,1,23.5,High,Single batch item conservative cap; High batch volatility adjustment (-7%); Withdrawal pattern risk adjustment (-10%),Order 6 units (1 + 5 high risk buffer) (Pattern: No_Consumption),0.03333333333333333,0.02575757575757575,0.0,0.0,5,-5.692524029850699e-18,0.8,0.6286666666666667,0,1,0.4,0.5,1.6666666666666667,1,1,Poor
Bucket Small,No's,HK Consumables,127.17,No_Consumption,2,4,0,0,1,16.6,High,Single batch item conservative cap; Zero prediction safety net (0.030/day); High batch volatility adjustment (-3%); Withdrawal pattern risk adjustment (-10%); Consumption increasing trend (+20%),Order 6 units (1 + 5 high risk buffer) (Pattern: No_Consumption),0.006666666666666666,0.005666666666666666,0.02333333333333333,0.03333333333333333,5,0.006666666666666667,0.8,0.6464666666666666,0,1,0.2,0.2,1.3333333333333333,1,1,Poor
Rubber Hand Gloves Red,Pair,HK Consumables,85.5,Single_Large_Batch,15,11,175,77,40,35.8,High,Withdrawal pattern risk adjustment (-10%); Consumption increasing trend (+14%),Order 56 units (40 + 16 high risk buffer) (Pattern: Single_Large_Batch),0.44666666666666666,0.36616943874838614,0.46,0.0,5,0.06333333333333338,0.4,0.5357381073128642,0,1,2.0,4.85,0.7676767676767678,0,0,Poor
Rubber Hand Gloves Blue,Pair,HK Consumables,85.5,No_Consumption,3,4,33,0,1,24.1,High,Single batch item conservative cap; High batch volatility adjustment (-5%); Withdrawal pattern risk adjustment (-10%); Consumption decreasing trend (-20%),Order 6 units (1 + 5 high risk buffer) (Pattern: No_Consumption),0.026666666666666665,0.022666666666666665,0.0,0.0,5,-0.02666666666666666,0.8,0.6341357120117082,0,1,0.6,0.26666666666666666,1.4545454545454544,1,1,Poor
Rubber hand gloves yellow,Pair,HK Consumables,85.5,Regular_Weekly_Batches,7,12,113,37,13,30.0,High,Single batch item conservative cap; Withdrawal pattern risk adjustment (-10%); Consumption increasing trend (+11%),Order 18 units (13 + 5 high risk buffer) (Pattern: Regular_Weekly_Batches),0.29333333333333333,0.23515440115440112,0.21999999999999997,0.0,5,0.03333333333333331,0.4,0.5167226561826915,0,1,1.2,4.466666666666667,0.9065211501465708,1,0,Poor
Rubber hand gloves green,Pair,HK Consumables,85.5,No_Consumption,8,7,18,30,11,28.3,High,High batch volatility adjustment (-0%); Withdrawal pattern risk adjustment (-10%),Order 16 units (11 + 5 high risk buffer) (Pattern: No_Consumption),0.26,0.2029206349206349,0.04,0.0,5,1.2614525308619824e-18,0.4,0.4901280948066335,0,1,1.2,2.85,1.044265884796567,1,1,Poor
Safety Goggles,No's,HK Consumables,57.8,Regular_Weekly_Batches,43,60,113,2,65,39.4,Medium,Withdrawal pattern risk adjustment (-10%); Critical item buffer (+10%); Consumption increasing trend (+20%),Order 97 units (65 + 32 critical high-risk buffer),0.5133333333333334,0.45632289055973274,0.61,0.5,5,0.17000000000000004,0.4,0.5772304047673084,1,1,2.0,5.8,0.6616202761151369,0,0,Poor
Hand Mop Cloth,No's,HK Consumables,17.37,No_Consumption,2,1,0,0,1,29.1,High,High batch volatility adjustment (-2%); Withdrawal pattern risk adjustment (-10%),Order 6 units (1 + 5 high risk buffer) (Pattern: No_Consumption),0.10666666666666666,0.09146198830409355,0.06999999999999999,0.0,5,-0.00666666666666669,0.6,0.5759312286111298,0,1,0.8,1.6,1.1676137200752474,1,1,Poor
Wet Mop Refill,No's,HK Consumables,76.3,Irregular_Batch_Pattern,101,87,105,0,80,36.9,High,Irregular batch pattern adjustment (-15%); Consumption increasing trend (+15%),Order 112 units (80 + 32 high risk buffer) (Pattern: Irregular_Batch_Pattern),1.8666666666666667,1.5369542226779067,2.2333333333333334,2.2333333333333334,4,0.2800000000000001,0.5,0.572477767361965,0,0,8.25,7.196527777777778,0.34914370835450226,0,0,Poor
Mop Winger Trolley,No's,HK Consumables,1526.0,No_Consumption,2,0,0,0,1,27.5,High,High batch volatility adjustment (-1%); Withdrawal pattern risk adjustment (-10%),Order 6 units (1 + 5 high risk buffer) (Pattern: No_Consumption),0.026666666666666665,0.022666666666666665,0.04666666666666666,0.06666666666666667,5,3.924305949749875e-18,0.6,0.5924105982962584,0,1,0.4,0.8,1.0886621079036347,1,1,Poor
Napthelene Balls-500gm,Packets,HK Consumables,90.0,No_Consumption,2,1,0,10,0,15.0,High,Single batch item conservative cap; Withdrawal pattern risk adjustment (-10%),Order 5 units (0 + 5 high risk buffer) (Pattern: No_Consumption),0.0,0.0,0.0,0.0,2,0.0,1.0,0.5800000000000001,0,1,0.0,0.0,0.0,1,0,Poor
Nylon Scrubber,No's,HK Consumables,4.2,Unknown,51,30,71,0,35,29.8,High,Irregular batch pattern adjustment (-15%); Withdrawal pattern risk adjustment (-10%); Consumption increasing trend (+16%),Order 49 units (35 + 14 high risk buffer) (Pattern: Unknown),1.1933333333333331,0.9815508468140045,1.3333333333333333,1.3333333333333333,5,0.19000000000000006,0.4,0.5876208407928751,0,1,5.0,7.366666666666667,0.34069257193462343,0,0,Poor
Patti Blade,No's,HK Consumables,10.0,Single_Large_Batch,3,7,0,0,4,30.9,High,High batch volatility adjustment (-1%); Withdrawal pattern risk adjustment (-10%); Consumption increasing trend (+20%),Order 9 units (4 + 5 high risk buffer) (Pattern: Single_Large_Batch),0.11333333333333333,0.09260461760461759,0.21666666666666665,0.16666666666666666,5,0.06666666666666668,0.6,0.6050917452830975,0,1,0.6,3.4,1.0781692722350404,1,1,Poor
"Key Board Brush-1""",No's,HK Consumables,15.7,No_Consumption,2,1,0,15,3,27.3,High,High batch volatility adjustment (-2%); Withdrawal pattern risk adjustment (-10%); Consumption increasing trend (+20%),Order 8 units (3 + 5 high risk buffer) (Pattern: No_Consumption),0.14666666666666667,0.12007936507936505,0.2866666666666666,0.16666666666666666,5,0.09000000000000002,0.6,0.5499069213585288,0,1,0.8,2.1333333333333337,1.1737076567962685,1,1,Poor
Glass wiping Rubber,No's,HK Consumables,89.47,Single_Large_Batch,3,4,0,4,3,31.5,High,High batch volatility adjustment (-2%); Withdrawal pattern risk adjustment (-10%); Consumption increasing trend (+20%),Order 8 units (3 + 5 high risk buffer) (Pattern: Single_Large_Batch),0.10666666666666666,0.08826649958228903,0.21666666666666665,0.16666666666666666,5,0.06333333333333334,0.6,0.6028105814928737,0,1,0.6,3.2,1.1720654306553766,1,1,Poor
Floor squeezer big,No's,HK Consumables,136.84,No_Consumption,2,2,0,25,5,28.9,High,High batch volatility adjustment (-2%); Withdrawal pattern risk adjustment (-10%); Consumption increasing trend (+20%),Order 10 units (5 + 5 high risk buffer) (Pattern: No_Consumption),0.11333333333333333,0.09417460317460317,0.29,0.3,5,0.08666666666666667,0.6,0.5837714501522666,0,1,0.8,1.7,1.1600340565456164,1,1,Poor
Glass Applicator,No's,HK Consumables,194.25,No_Consumption,3,1,54,0,1,22.7,High,Single batch item conservative cap; High batch volatility adjustment (-8%); Withdrawal pattern risk adjustment (-10%); Consumption increasing trend (+20%),Order 6 units (1 + 5 high risk buffer) (Pattern: No_Consumption),0.026666666666666665,0.021587301587301586,0.04,0.0,5,0.01333333333333334,0.8,0.6267298245614035,0,1,0.2,0.8,1.777777777777778,1,1,Poor
Check cloth red,No's,HK Consumables,10.3,No_Consumption,3,5,106,0,3,29.2,High,Single batch item conservative cap; Withdrawal pattern risk adjustment (-10%); Consumption decreasing trend (-20%),Order 8 units (3 + 5 high risk buffer) (Pattern: No_Consumption),0.09333333333333334,0.07831077694235589,0.06,0.0,5,-0.026666666666666658,0.4,0.5386168736408035,0,1,0.8,2.2,0.9683068457095689,1,0,Poor
Check Cloth -Blue,No's,HK Consumables,10.3,Regular_Weekly_Batches,15,15,78,36,32,38.4,Medium,Withdrawal pattern risk adjustment (-10%); Consumption increasing trend (+16%),Order 40 units (32 + 8 medium risk buffer),0.4666666666666667,0.3869265588212956,0.6033333333333333,0.3333333333333333,5,0.07666666666666672,0.4,0.5880520540642514,0,1,3.0,4.133333333333334,0.2960881208970577,0,0,Poor
Hand Squeezer,No's,HK Consumables,23.91,No_Consumption,1,1,0,0,1,29.3,High,High batch volatility adjustment (-2%); Withdrawal pattern risk adjustment (-10%),Order 6 units (1 + 5 high risk buffer) (Pattern: No_Consumption),0.09333333333333334,0.07896407685881371,0.08,0.0,5,0.00666666666666666,0.6,0.5791181706341088,0,1,0.6,2.0,1.2046772038736684,1,1,Poor
Sponge,No's,HK Consumables,9.5,Regular_Weekly_Batches,19,27,32,57,30,53.3,Low,No adjustments,Order 37 units (30 + 7 medium risk buffer),0.55,0.4794298245614035,0.5433333333333332,0.5333333333333333,2,0.0,1.0,0.7369585019222697,0,0,5.0,3.3,0.029411764705882314,0,0,Fair
Disposable gloves,pair,HK Consumables,47.37,No_Consumption,6,5,10,6,2,29.1,High,Single batch item conservative cap; Withdrawal pattern risk adjustment (-10%); Consumption decreasing trend (-20%),Order 7 units (2 + 5 high risk buffer) (Pattern: No_Consumption),0.06666666666666667,0.05865497076023391,0.04,0.0,3,-0.03333333333333334,0.3333333333333333,0.46356009117526065,0,1,1.0,1.3333333333333333,0.6577737499409744,1,0,Poor
Tissu box key,pair,HK Consumables,47.37,No_Consumption,2,0,45,0,0,15.0,High,Single batch item conservative cap; Withdrawal pattern risk adjustment (-10%),Order 5 units (0 + 5 high risk buffer) (Pattern: No_Consumption),0.0,0.0,0.0,0.0,5,0.0,1.0,0.7000000000000001,0,1,0.0,0.0,0.0,1,0,Poor
Mugs 1ltr,No's,HK Consumables,29.5,No_Consumption,3,6,105,0,3,22.6,High,Single batch item conservative cap; High batch volatility adjustment (-9%); Withdrawal pattern risk adjustment (-10%); Consumption increasing trend (+20%),Order 8 units (3 + 5 high risk buffer) (Pattern: No_Consumption),0.06666666666666667,0.05396825396825396,0.09999999999999999,0.0,5,0.03333333333333334,0.8,0.6014666666666666,0,1,0.2,2.0,1.9047619047619047,1,1,Poor
Single disk green pad,No'S,HK Consumables,368.4,No_Consumption,1,2,0,0,1,16.5,High,Single batch item conservative cap; Zero prediction safety net (0.030/day); High batch volatility adjustment (-3%); Withdrawal pattern risk adjustment (-10%); Consumption increasing trend (+20%),Order 6 units (1 + 5 high risk buffer) (Pattern: No_Consumption),0.006666666666666666,0.005666666666666666,0.02333333333333333,0.03333333333333333,5,0.006666666666666667,0.8,0.6464666666666666,0,1,0.2,0.2,1.3333333333333333,1,1,Poor
Single disk white pad,No'S,HK Consumables,368.4,No_Consumption,1,1,0,0,1,16.8,High,Single batch item conservative cap; Zero prediction safety net (0.030/day); High batch volatility adjustment (-3%); Withdrawal pattern risk adjustment (-10%); Consumption decreasing trend (-20%),Order 6 units (1 + 5 high risk buffer) (Pattern: No_Consumption),0.006666666666666666,0.0059649122807017545,0.0,0.0,5,-0.0033333333333333344,0.8,0.6464666666666666,0,1,0.2,0.2,1.3333333333333335,1,1,Poor
Gum shoe,No'S,HK Consumables,210.0,No_Consumption,1,1,68,0,1,22.6,High,Single batch item conservative cap; High batch volatility adjustment (-8%); Withdrawal pattern risk adjustment (-10%),Order 6 units (1 + 5 high risk buffer) (Pattern: No_Consumption),0.026666666666666665,0.020606060606060603,0.0,0.0,5,-1.5760234308722225e-18,0.8,0.6267298245614035,0,1,0.2,0.8,1.7777777777777781,1,1,Poor
M Fold dispenser,Pair,HK Consumables,1365.0,No_Consumption,1,0,45,0,0,15.0,High,Single batch item conservative cap; Withdrawal pattern risk adjustment (-10%),Order 5 units (0 + 5 high risk buffer) (Pattern: No_Consumption),0.0,0.0,0.0,0.0,5,0.0,1.0,0.7000000000000001,0,1,0.0,0.0,0.0,1,0,Poor
Tarpaline sheet,No'S,HK Consumables,1365.0,No_Consumption,2,1,69,0,4,23.2,High,Single batch item conservative cap; High batch volatility adjustment (-5%); Withdrawal pattern risk adjustment (-10%); Consumption decreasing trend (-20%),Order 9 units (4 + 5 high risk buffer) (Pattern: No_Consumption),0.12,0.10617543859649123,0.0,0.0,5,-0.07333333333333335,0.6,0.5423991805159589,0,1,1.0,1.6666666666666667,1.5374753801859138,1,1,Poor
Shoe polish liquid,No'S,HK Consumables,0.0,No_Consumption,0,0,45,0,0,15.0,High,Single batch item conservative cap; Withdrawal pattern risk adjustment (-10%),Order 5 units (0 + 5 high risk buffer) (Pattern: No_Consumption),0.0,0.0,0.0,0.0,5,0.0,1.0,0.7000000000000001,0,1,0.0,0.0,0.0,1,0,Poor
Safety helmet,Lts,HK Consumables,750.0,No_Consumption,0,0,40,0,0,15.0,High,Single batch item conservative cap; Withdrawal pattern risk adjustment (-10%); Critical item buffer (+10%),Order 0 units (0 + 0 critical high-risk buffer),0.0,0.0,0.0,0.0,5,0.0,1.0,0.7000000000000001,1,1,0.0,0.0,0.0,1,0,Poor
Hand Sanitizer,No'S,HK Consumables,204.75,No_Consumption,2,3,4,0,2,30.0,High,High batch volatility adjustment (-3%); Withdrawal pattern risk adjustment (-10%); Critical item buffer (+10%); Consumption decreasing trend (-20%),Order 3 units (2 + 1 critical high-risk buffer),0.1,0.09066666666666666,0.0,0.0,5,-0.06666666666666668,0.6,0.5651555555555556,1,1,0.4,3.0,1.2903225806451613,1,1,Poor
Small green covers,Ltr,HK Consumables,192.36,No_Consumption,2,1,0,0,1,28.8,High,High batch volatility adjustment (-0%); Withdrawal pattern risk adjustment (-10%); Consumption increasing trend (+12%),Order 6 units (1 + 5 high risk buffer) (Pattern: No_Consumption),0.16,0.12934305460621248,0.09999999999999999,0.0,5,0.02,0.4,0.5356240268023186,0,1,0.8,4.4,1.0289632802480202,1,1,Poor
Floor squeezer small,No'S,HK Consumables,95.0,No_Consumption,2,5,63,0,2,23.5,High,Single batch item conservative cap; High batch volatility adjustment (-7%); Withdrawal pattern risk adjustment (-10%); Consumption increasing trend (+20%),Order 7 units (2 + 5 high risk buffer) (Pattern: No_Consumption),0.04,0.03238095238095238,0.06,0.0,5,0.020000000000000007,0.8,0.6221047619047619,0,1,0.4,0.6,1.7142857142857144,1,1,Poor
35 cm glass squzer,No'S,HK Consumables,194.25,No_Consumption,1,1,28,0,0,15.0,High,Single batch item conservative cap; Withdrawal pattern risk adjustment (-10%),Order 5 units (0 + 5 high risk buffer) (Pattern: No_Consumption),0.0,0.0,0.0,0.0,4,0.0,1.0,0.66,0,1,0.0,0.0,0.0,1,0,Poor
Squeezer Rod Blue,No'S,HK Consumables,194.25,No_Consumption,1,0,45,0,0,15.0,High,Single batch item conservative cap; Withdrawal pattern risk adjustment (-10%),Order 5 units (0 + 5 high risk buffer) (Pattern: No_Consumption),0.0,0.0,0.0,0.0,5,0.0,1.0,0.7000000000000001,0,1,0.0,0.0,0.0,1,0,Poor
kitchen aprons,No'S,HK Consumables,57.75,Single_Large_Batch,2,0,88,11,3,46.5,Medium,Single batch item conservative cap; Consumption increasing trend (+20%),Order 6 units (3 + 3 medium risk buffer),0.06000000000000001,0.05027181590339484,0.09999999999999999,0.1,5,0.023333333333333334,0.8,0.7430029114032075,0,0,0.8,1.8,0.6137844099837159,1,0,Fair
Rock Salt,No's,HK Consumables,24.44,No_Consumption,1,2,0,0,1,28.2,High,High batch volatility adjustment (-2%); Withdrawal pattern risk adjustment (-10%); Consumption decreasing trend (-20%),Order 6 units (1 + 5 high risk buffer) (Pattern: No_Consumption),0.13333333333333333,0.11116427432216905,0.0,0.0,5,-0.033333333333333375,0.6,0.5629430525184157,0,1,0.4,4.0,1.1948730452600869,1,1,Poor
Water bottles cleaning brush,Packets,HK Consumables,42.44,No_Consumption,3,3,114,0,3,29.4,High,Single batch item conservative cap; Withdrawal pattern risk adjustment (-10%); Consumption decreasing trend (-20%),Order 8 units (3 + 5 high risk buffer) (Pattern: No_Consumption),0.09333333333333334,0.07640510366826156,0.0,0.0,5,-0.026666666666666672,0.4,0.5395939550641478,0,1,0.8,2.0,0.8518354199999199,1,0,Poor
Masqito Bats,No's,HK Consumables,190.0,No_Consumption,1,0,45,0,0,15.0,High,Single batch item conservative cap; Withdrawal pattern risk adjustment (-10%),Order 5 units (0 + 5 high risk buffer) (Pattern: No_Consumption),0.0,0.0,0.0,0.0,5,0.0,1.0,0.7000000000000001,0,1,0.0,0.0,0.0,1,0,Poor
Squeeze emoty bottle R6,No's,HK Consumables,47.25,Regular_Weekly_Batches,7,8,0,21,8,28.0,High,High batch volatility adjustment (-4%); Withdrawal pattern risk adjustment (-10%); Consumption increasing trend (+14%),Order 13 units (8 + 5 high risk buffer) (Pattern: Regular_Weekly_Batches),0.30666666666666664,0.25704511278195485,0.3,0.0,5,0.043333333333333356,0.4,0.4961797134027384,0,1,1.4,3.95,1.4056736125916331,1,1,Poor
Bubble Wrap,No's,HK Consumables,0.0,No_Consumption,0,0,45,0,0,15.0,High,Single batch item conservative cap; Withdrawal pattern risk adjustment (-10%),Order 5 units (0 + 5 high risk buffer) (Pattern: No_Consumption),0.0,0.0,0.0,0.0,5,0.0,1.0,0.7000000000000001,0,1,0.0,0.0,0.0,1,0,Poor
Himalaya hand sanitizer 500ml,LITRES,HK Consumables,233.0,No_Consumption,0,0,6,0,0,15.0,High,Single batch item conservative cap; Withdrawal pattern risk adjustment (-10%); Critical item buffer (+10%),Order 0 units (0 + 0 critical high-risk buffer),0.0,0.0,0.0,0.0,3,0.0,1.0,0.62,1,1,0.0,0.0,0.0,1,0,Poor
Ari wick lavendar refil,No's,HK Consumables,0.0,No_Consumption,1,0,12,0,0,15.0,High,Single batch item conservative cap; Withdrawal pattern risk adjustment (-10%),Order 5 units (0 + 5 high risk buffer) (Pattern: No_Consumption),0.0,0.0,0.0,0.0,3,0.0,1.0,0.62,0,1,0.0,0.0,0.0,1,0,Poor
Hair Nets,No's,HK Consumables,50.0,Regular_Weekly_Batches,553,357,481,19,412,31.2,High,High batch volatility adjustment (-1%); Withdrawal pattern risk adjustment (-10%); Consumption increasing trend (+20%),Order 576 units (412 + 164 high risk buffer) (Pattern: Regular_Weekly_Batches),7.840000000000001,6.562255639097744,15.933333333333332,19.333333333333332,5,4.066666666666666,0.4,0.5573158593005069,0,1,6.6,39.08923076923077,1.0596028181310357,0,1,Poor
Red velvet Aroma,LITRES,HK Consumables,3856.0,Low_Volume_Regular,10,8,64,40,22,36.8,Medium,Withdrawal pattern risk adjustment (-10%),Order 27 units (22 + 5 medium risk buffer),0.3733333333333333,0.31299650641755905,0.3133333333333333,0.13333333333333333,5,-0.020000000000000025,0.4,0.5747183279480407,0,1,3.6,2.8833333333333333,0.20873230941083132,0,0,Poor
Coral blue,No's,HK Consumables,3856.0,No_Consumption,2,2,22,0,0,23.1,High,Single batch item conservative cap; High batch volatility adjustment (-6%); Withdrawal pattern risk adjustment (-10%); Consumption decreasing trend (-20%),Order 5 units (0 + 5 high risk buffer) (Pattern: No_Consumption),0.013333333333333332,0.011333333333333332,0.0,0.0,5,-0.01333333333333333,0.8,0.6391137254901961,0,1,0.2,0.4,1.6000000000000003,1,1,Poor
HRT  Roll,No's,HK Consumables,220.0,Regular_BiWeekly_Batches,617,791,464,568,766,52.4,Medium,Consumption increasing trend (+20%),Order 957 units (766 + 191 medium risk buffer),8.766666666666666,7.26639029391661,15.87,16.8,5,3.4933333333333336,0.6,0.6688360905921691,0,0,11.2,21.936666666666667,0.38075890963476033,0,0,Fair
Hand wash liquid,No's,HK Consumables,590.0,Unknown,129,149,68,123,116,23.6,High,Irregular batch pattern adjustment (-15%); Withdrawal pattern risk adjustment (-10%); Consumption increasing trend (+20%),Order 162 units (116 + 46 high risk buffer) (Pattern: Unknown),1.0,0.7984848484848484,1.4,2.0,3,0.4999999999999999,0.3333333333333333,0.40412227160207476,0,1,2.6666666666666665,8.333333333333334,0.7394579815758777,0,0,Poor
Single disk Red pad,Bottles,HK Consumables,368.4,No_Consumption,0,0,45,0,0,15.0,High,Single batch item conservative cap; Withdrawal pattern risk adjustment (-10%),Order 5 units (0 + 5 high risk buffer) (Pattern: No_Consumption),0.0,0.0,0.0,0.0,5,0.0,1.0,0.7000000000000001,0,1,0.0,0.0,0.0,1,0,Poor
Moroccan Mint-25 sachets,136.5,Pantry Consumable,0.0,Regular_Weekly_Batches,80,66,247,0,71,49.5,Medium,High batch volatility adjustment (-4%); Consumption decreasing trend (-20%),Order 88 units (71 + 17 medium risk buffer),9.599999999999998,8.129955950482266,3.5966666666666662,3.6666666666666665,5,-6.743333333333331,1.0,0.7690266763681403,0,0,4.4,61.56666666666666,1.3774064936135044,0,1,Fair
Green Tea Tulasi-25 sachets, ,Pantry Consumable,0.0,Regular_Weekly_Batches,55,38,213,0,53,40.9,Medium,High batch volatility adjustment (-5%); Consumption decreasing trend (-20%),Order 66 units (53 + 13 medium risk buffer),11.113333333333333,9.420188425609476,1.3399999999999999,1.4,5,-9.606666666666664,0.6,0.5827730562093492,0,0,4.6,52.97619047619048,1.488437968386513,0,1,Poor
Brown Sugar- 200 Sachets,148,Pantry Consumable,0.0,Regular_Weekly_Batches,43,42,73,0,30,44.9,Medium,High batch volatility adjustment (-9%); Consumption decreasing trend (-20%),Order 37 units (30 + 7 medium risk buffer),32.88666666666667,27.933898534214325,1.4266666666666665,1.4666666666666666,5,-31.63999999999999,0.6,0.6310500204933114,0,0,5.0,166.59809523809525,1.8999771814423965,0,1,Poor
Jagerry Powder 200 Sachets,336,Pantry Consumable,0.0,Regular_Weekly_Batches,46,43,0,0,21,44.1,Medium,High batch volatility adjustment (-9%); Consumption decreasing trend (-20%),Order 26 units (21 + 5 medium risk buffer),43.58666666666667,37.044081947292476,1.3099999999999998,1.3,5,-42.42333333333333,0.6,0.6248957965407185,0,0,4.8,262.35,1.938763003361318,0,1,Poor
Sugar free- 100 Sachets,137,Pantry Consumable,0.0,Regular_Weekly_Batches,36,34,89,0,28,44.2,Medium,High batch volatility adjustment (-9%); Consumption decreasing trend (-20%),Order 35 units (28 + 7 medium risk buffer),14.459999999999999,12.289094326725905,0.7333333333333334,0.8333333333333334,5,-13.853333333333328,0.6,0.6207493818882694,0,0,3.6,109.56666666666668,1.8941622988504485,0,1,Poor
Coffee Beans-Highland, ,Pantry Consumable,0.0,Regular_Weekly_Batches,49,44,136,8,56,53.7,Low,No adjustments,Order 70 units (56 + 14 medium risk buffer),1.3666666666666667,1.145771853877117,1.5366666666666666,1.6666666666666667,5,0.1133333333333334,0.6,0.7066970381223864,0,0,7.8,6.595238095238095,0.5184704192809876,0,0,Fair
Coffee Beans-Espresso, ,Pantry Consumable,0.0,Regular_Weekly_Batches,81,62,192,0,98,55.6,Low,Consumption increasing trend (+20%),Order 122 units (98 + 24 medium risk buffer),0.8766666666666666,0.7244573175362647,1.5683333333333331,1.8833333333333333,5,0.34333333333333343,0.8,0.7430921784397492,0,0,3.8,7.325,0.5633671804505855,0,0,Fair
Coffee Beans-Monsoon mist, ,Pantry Consumable,0.0,Regular_Weekly_Batches,50,51,107,1,52,54.2,Low,No adjustments,Order 65 units (52 + 13 medium risk buffer),1.2,1.0000704792283739,1.04,0.9,5,0.029999999999999954,0.6,0.7095465352777637,0,0,4.6,10.256060606060606,0.45229228935044624,0,0,Fair
Stirrers (500nos),125,Pantry Consumable,0.0,Regular_BiWeekly_Batches,507,127,0,0,146,43.3,Medium,High batch volatility adjustment (-10%); Consumption decreasing trend (-20%),Order 182 units (146 + 36 medium risk buffer),168.42000000000002,143.1178601048075,2.7733333333333334,2.933333333333333,5,-165.97666666666666,0.6,0.6302192613777998,0,0,7.2,565.0455555555556,1.9576894046257287,0,1,Poor
Premium Tissue, ,Pantry Consumable,0.0,No_Consumption,3,0,0,0,1,27.1,High,High batch volatility adjustment (-4%); Withdrawal pattern risk adjustment (-10%); Consumption increasing trend (+11%),Order 6 units (1 + 5 high risk buffer) (Pattern: No_Consumption),0.05333333333333333,0.04371428571428571,0.06,0.0,5,0.006666666666666671,0.6,0.5757973803197375,0,1,0.4,1.6,1.3719886811400708,1,1,Poor
Soft Tissue, ,Pantry Consumable,0.0,Regular_Weekly_Batches,433,719,0,0,374,52.4,Medium,No adjustments,Order 467 units (374 + 93 medium risk buffer),21.64,18.13058327637275,20.0,11.0,5,-0.8199999999999983,0.6,0.684288223936047,0,0,4.0,153.84,0.22111183113706664,0,0,Fair
Cotton Gloves, ,Pantry Consumable,0.0,No_Consumption,5,11,82,0,18,33.7,High,Withdrawal pattern risk adjustment (-10%); Consumption increasing trend (+11%),Order 25 units (18 + 7 high risk buffer) (Pattern: No_Consumption),0.10666666666666666,0.09185964912280702,0.18666666666666665,0.26666666666666666,5,0.013333333333333336,0.4,0.547856906817891,0,1,1.6,1.2,0.7536891516255932,0,0,Poor
Water Cups-210ml (100),Bundle,Pantry Consumable,0.0,Unknown,4425,1514,0,0,1767,33.0,High,Irregular batch pattern adjustment (-15%),Order 2473 units (1767 + 706 high risk buffer) (Pattern: Unknown),548.4666666666666,466.50087719298244,334.5199999999999,13.6,2,0.0,0.5,0.4653580717462072,0,0,5.5,4091.6428571428573,0.9857308446976839,0,0,Poor
Brown Cups 250ml,Bundle,Pantry Consumable,0.0,No_Consumption,32,5,41,74,14,26.6,High,Single batch item conservative cap; Withdrawal pattern risk adjustment (-10%),Order 19 units (14 + 5 high risk buffer) (Pattern: No_Consumption),0.3333333333333333,0.2982456140350877,0.4666666666666666,0.6666666666666666,2,0.0,0.5,0.4157179487179487,0,1,0.5,10.0,0.9900990099009901,1,0,Poor
Black Cups 250ml, ,Pantry Consumable,0.0,Regular_BiWeekly_Batches,1222,1615,789,1920,1391,53.4,Medium,No adjustments,Order 1738 units (1391 + 347 medium risk buffer),36.513333333333335,30.433189033189034,35.199999999999996,33.0,5,-0.8000000000000019,0.6,0.7077956557826413,0,0,7.0,161.85833333333332,0.20424988181330297,0,0,Fair
(Nestle)Water Cups-150ml (50),No's,Pantry Consumable,0.0,No_Consumption,2,2,0,9,0,15.0,High,Single batch item conservative cap; Withdrawal pattern risk adjustment (-10%),Order 5 units (0 + 5 high risk buffer) (Pattern: No_Consumption),0.0,0.0,0.0,0.0,2,0.0,1.0,0.5800000000000001,0,1,0.0,0.0,0.0,1,0,Poor
Diet Cokes-300ml, ,Pantry Consumable,0.0,Regular_Weekly_Batches,101,62,83,0,81,51.6,Low,Consumption increasing trend (+20%),Order 101 units (81 + 20 medium risk buffer),3.78,3.063683526999316,4.9399999999999995,4.4,5,1.2666666666666668,0.6,0.6571971505766916,0,0,2.6,39.660000000000004,0.41224658747607373,0,0,Fair
Himalayan Bottel,No's,Pantry Consumable,0.0,No_Consumption,9,4,2,80,12,23.2,High,Single batch item conservative cap; High batch volatility adjustment (-4%); Withdrawal pattern risk adjustment (-10%); Consumption increasing trend (+20%),Order 17 units (12 + 5 high risk buffer) (Pattern: No_Consumption),0.26666666666666666,0.20606060606060606,0.24,0.0,3,0.05714285714285712,0.6666666666666666,0.4839378900293554,0,1,1.0,2.6666666666666665,1.3630974095162363,1,1,Poor
Perrier, ,Pantry Consumable,0.0,No_Consumption,1,0,22,0,0,22.8,High,Single batch item conservative cap; High batch volatility adjustment (-6%); Withdrawal pattern risk adjustment (-10%); Consumption decreasing trend (-20%),Order 5 units (0 + 5 high risk buffer) (Pattern: No_Consumption),0.013333333333333332,0.011929824561403509,0.0,0.0,5,-0.006666666666666669,0.8,0.6391137254901961,0,1,0.2,0.4,1.6000000000000003,1,1,Poor
Bisleri Glass Bottiles 300ml,No's,Pantry Consumable,0.0,Regular_Weekly_Batches,63,22,220,154,75,50.3,Low,Consumption decreasing trend (-20%),Order 93 units (75 + 18 medium risk buffer),2.8166666666666664,2.4158572567783096,0.52,0.0,4,-1.6999999999999995,0.75,0.6380195431677642,0,0,2.75,23.566666666666666,0.7542079271010897,0,0,Fair
SVVA  250 ML  WATER BOTTLES, ,Pantry Consumable,0.0,Regular_Weekly_Batches,460,236,0,4014,952,36.7,High,Withdrawal pattern risk adjustment (-10%); Consumption increasing trend (+17%),Order 1332 units (952 + 380 high risk buffer) (Pattern: Regular_Weekly_Batches),23.946666666666665,19.08342249563302,15.999999999999998,8.0,5,4.026666666666664,0.4,0.5686284634724403,0,1,4.8,137.06666666666666,0.6363427554549095,0,0,Poor
Wooden Spoons, ,Pantry Consumable,0.0,Regular_BiWeekly_Batches,88,91,354,0,90,44.8,Medium,High batch volatility adjustment (-9%); Consumption decreasing trend (-20%),Order 112 units (90 + 22 medium risk buffer),28.51333333333334,24.192425381635907,3.3866666666666663,3.1666666666666665,5,-25.73,0.6,0.6353752647014056,0,0,12.2,84.00416666666666,1.8786479049161662,0,1,Poor
Wooden Forks, ,Pantry Consumable,0.0,Regular_Weekly_Batches,36,65,0,476,80,29.9,High,High batch volatility adjustment (-2%); Withdrawal pattern risk adjustment (-10%); Consumption decreasing trend (-20%),Order 112 units (80 + 32 high risk buffer) (Pattern: Regular_Weekly_Batches),7.5600000000000005,6.502987392724236,0.21666666666666665,0.16666666666666666,5,-6.2666666666666675,0.4,0.5274633371357333,0,1,3.2,62.666666666666664,1.2429746731026203,0,1,Poor
Boost, ,Pantry Consumable,0.0,Regular_Weekly_Batches,7478,5780,790,27605,7062,38.6,High,Withdrawal pattern risk adjustment (-10%); Consumption decreasing trend (-14%),Order 9886 units (7062 + 2824 high risk buffer) (Pattern: Regular_Weekly_Batches),284.84666666666664,237.503205437837,249.74666666666664,192.06666666666666,5,-39.46999999999999,0.4,0.6079874265985872,0,1,8.6,1125.763333333333,0.5573486859884315,0,0,Poor
Horlicks, ,Pantry Consumable,0.0,Regular_Weekly_Batches,7031,5507,3818,12210,4907,36.1,High,Withdrawal pattern risk adjustment (-10%); Consumption decreasing trend (-20%),Order 6869 units (4907 + 1962 high risk buffer) (Pattern: Regular_Weekly_Batches),301.68888888888887,259.8628947368421,193.94666666666666,178.56666666666666,3,-65.1166666666666,0.3333333333333333,0.5214311894357091,0,1,10.333333333333334,897.3833333333333,0.1757563830051254,0,0,Poor
Honey, ,Pantry Consumable,0.0,Regular_Weekly_Batches,128,96,585,0,140,43.2,Medium,High batch volatility adjustment (-3%); Consumption decreasing trend (-20%),Order 175 units (140 + 35 medium risk buffer),45.333333333333336,38.5415124933546,4.643333333333333,5.833333333333333,5,-39.94333333333333,0.6,0.6180027587742898,0,0,7.4,100.11323529411764,1.2631939809658217,0,1,Poor
Tomato Soup, ,Pantry Consumable,0.0,Regular_Weekly_Batches,97,93,0,9064,1267,40.9,Medium,High batch volatility adjustment (-1%); Consumption decreasing trend (-20%),Order 1583 units (1267 + 316 medium risk buffer),44.63333333333333,38.72712197159566,3.4166666666666665,2.6666666666666665,5,-31.366666666666678,0.6,0.6265705560596928,0,0,4.4,254.375,1.1272947354715346,0,1,Poor
Badam powder,144.5,Pantry Consumable,0.0,Regular_BiWeekly_Batches,101,71,0,5019,706,41.5,High,High batch volatility adjustment (-3%); Consumption decreasing trend (-20%),Order 988 units (706 + 282 high risk buffer) (Pattern: Regular_BiWeekly_Batches),80.3,68.31514619883042,4.266666666666666,4.366666666666666,3,-43.84615384615381,0.6666666666666666,0.5944869855868972,0,0,8.666666666666666,224.13030303030305,1.2930592645396861,0,1,Poor
Chocolate powder,105,Pantry Consumable,0.0,Regular_Weekly_Batches,216,158,518,0,165,43.5,Medium,High batch volatility adjustment (-4%); Consumption decreasing trend (-20%),Order 206 units (165 + 41 medium risk buffer),61.03333333333334,51.74400015189489,6.866666666666667,6.666666666666667,5,-54.33333333333332,0.6,0.6103629076165212,0,0,6.6,154.63333333333335,1.443029604429152,0,1,Poor
Biodegradable Covers-Big (36*48) Black,box,HK Consumables,0.0,Single_Large_Batch,52,27,113,35,38,51.3,Medium,Consumption decreasing trend (-20%),Order 47 units (38 + 9 medium risk buffer),0.6888888888888888,0.5838814207235259,0.5666666666666667,0.6666666666666666,3,-0.20000000000000004,0.6666666666666666,0.6359414133662392,0,0,4.0,11.066666666666668,0.6179032373939396,0,0,Fair
Feather Duster,No's,HK Consumables,72.6,Highly_Predictable_Batches,65,81,66,2,72,52.3,Low,Consumption increasing trend (+20%),Order 90 units (72 + 18 medium risk buffer),0.5083333333333333,0.4204294827979038,0.7533333333333333,0.7333333333333333,4,0.20999999999999985,0.5,0.6371488474717365,0,0,3.75,4.041666666666667,0.3489365230588456,0,0,Fair
Face Mask,No's,HK Consumables,4.74,Regular_BiWeekly_Batches,493,398,568,712,615,49.1,Medium,Consumption increasing trend (+20%),Order 768 units (615 + 153 medium risk buffer),13.966666666666667,11.5018550163287,18.7,20.0,4,4.373333333333331,0.5,0.5985441219783914,0,0,8.25,70.86607142857143,0.7034079465523561,0,0,Fair
Plunger,No's,HK Consumables,32.6,No_Consumption,2,1,8,0,2,24.0,High,Single batch item conservative cap; High batch volatility adjustment (-6%); Withdrawal pattern risk adjustment (-10%); Consumption increasing trend (+20%),Order 7 units (2 + 5 high risk buffer) (Pattern: No_Consumption),0.03333333333333333,0.026984126984126982,0.04,0.0,4,0.013333333333333329,0.75,0.5746324865405188,0,1,0.25,1.0,1.5745916432444338,1,1,Poor
Safety jackats,No'S,HK Consumables,368.4,No_Consumption,0,0,0,0,1,19.5,High,Zero prediction safety net (0.030/day); High batch volatility adjustment (-2%); Withdrawal pattern risk adjustment (-10%); Critical item buffer (+10%); Consumption decreasing trend (-18%),Order 1 units (1 + 0 critical high-risk buffer),0.008333333333333333,0.007083333333333333,0.0,0.0,4,-0.0033333333333333257,0.75,0.5946176881663136,1,1,0.25,0.25,1.2371791482634837,1,1,Poor
Assam Tea-100 sachets/Box,204.75,Pantry Consumable,0.0,Regular_Weekly_Batches,76,77,77,60,74,52.2,Low,No adjustments,Order 92 units (74 + 18 medium risk buffer),2.4166666666666665,2.006452210070631,2.62,2.5,4,0.19333333333333336,0.5,0.650836862979351,0,0,6.5,13.75,0.4246675218779275,0,0,Fair
Ginger Tea -100Scahets/Box,252,Pantry Consumable,0.0,Regular_Weekly_Batches,26,30,87,20,32,49.6,Low,Consumption decreasing trend (-13%),Order 40 units (32 + 8 medium risk buffer),0.6833333333333333,0.5713921166552745,0.6033333333333333,0.7333333333333333,4,-0.09333333333333328,0.5,0.6083621450073179,0,0,4.0,5.511904761904762,0.3114038534280902,0,0,Fair
Masala Tea - 100Scahets/Box,252,Pantry Consumable,0.0,Highly_Predictable_Batches,11,14,107,5,35,50.7,Low,Consumption increasing trend (+20%),Order 43 units (35 + 8 medium risk buffer),0.4,0.3252039188881294,0.46333333333333326,0.5333333333333333,4,0.09333333333333332,0.5,0.6347135835092699,0,0,2.5,5.0,0.6083173355877871,0,0,Fair
Lemon Tea- 100 Sachets/Box,Boxes,Pantry Consumable,0.0,Regular_Weekly_Batches,53,41,177,233,103,54.6,Low,No adjustments,Order 128 units (103 + 25 medium risk buffer),1.7222222222222223,1.35443533075112,1.67,0.6,3,0.0999999999999999,1.0,0.7097511498602228,0,0,4.333333333333333,11.133333333333333,0.8826184908154345,0,0,Fair
Elaichi Tea - 100 Sachets/Box,252,Pantry Consumable,0.0,Regular_Weekly_Batches,10,9,110,0,32,47.4,Medium,Consumption increasing trend (+20%),Order 40 units (32 + 8 medium risk buffer),0.35,0.284288752183489,0.45999999999999996,0.6,4,0.11999999999999995,0.5,0.5896778536158586,0,0,2.5,3.5625,0.41062148175822405,0,0,Fair
Green Tea CCD-25 sachets/box,126,Pantry Consumable,0.0,Regular_Weekly_Batches,65,79,118,42,91,55.9,Low,Consumption increasing trend (+20%),Order 113 units (91 + 22 medium risk buffer),1.625,1.3559685197843092,2.2966666666666664,2.6666666666666665,4,0.46999999999999953,0.75,0.7196218836654771,0,0,3.75,13.416666666666668,0.3440948523397244,0,0,Fair
White Sugar -200/packets,131.25,Pantry Consumable,0.0,Regular_Weekly_Batches,98,72,101,31,94,51.5,Low,Consumption increasing trend (+20%),Order 117 units (94 + 23 medium risk buffer),2.725,2.2616894508999774,3.506666666666667,3.466666666666667,4,0.6499999999999997,0.5,0.6337984171613548,0,0,6.0,15.127777777777776,0.421957652015729,0,0,Fair
Himalayan Bottle, ,Pantry Consumable,0.0,No_Consumption,34,10,91,50,9,26.6,High,Single batch item conservative cap; Withdrawal pattern risk adjustment (-10%),Order 14 units (9 + 5 high risk buffer) (Pattern: No_Consumption),0.23333333333333334,0.20877192982456141,0.13999999999999999,0.0,2,0.0,0.5,0.42033333333333334,0,1,0.5,7.0,0.9859154929577465,1,0,Poor
Yellow Sponge,No's,HK Consumables,9.5,Regular_Weekly_Batches,40,38,56,68,52,49.9,Low,Consumption increasing trend (+11%),Order 65 units (52 + 13 medium risk buffer),1.0444444444444445,0.8494684944684945,1.1,0.9,3,0.1166666666666671,0.6666666666666666,0.6211121346937588,0,0,5.666666666666667,6.038888888888889,0.15431920883093356,0,0,Fair
White cup 210ml, ,Pantry Consumable,0.0,Regular_Weekly_Batches,609,517,1090,1833,967,50.4,Medium,Consumption increasing trend (+10%),Order 1208 units (967 + 241 medium risk buffer),26.633333333333336,21.670584415584415,29.063333333333333,34.233333333333334,3,2.7833333333333266,0.6666666666666666,0.6303527077510458,0,0,6.0,132.0079365079365,0.21928327260179184,0,0,Fair
Horlics,No's,Pantry Consumable,0.0,Regular_Weekly_Batches,5860,5466,8157,24722,9364,43.7,Medium,No adjustments,Order 11705 units (9364 + 2341 medium risk buffer),286.0833333333333,227.7613636363636,317.25,364.0,2,0.0,0.5,0.5163676016510331,0,0,6.0,1538.0714285714284,0.4199327587487927,0,0,Poor
Badam pawder,Boxes,Pantry Consumable,144.5,Highly_Predictable_Batches,107,74,52,526,157,46.4,Medium,No adjustments,Order 196 units (157 + 39 medium risk buffer),5.716666666666667,4.509415584415584,5.43,5.0,2,0.0,0.5,0.5680102376857801,0,0,4.5,38.05,0.014416775884665813,0,0,Fair
Ultra Klean,Lts,HK Chemicals,9991.674,No_Consumption,7,3,52,209,7,25.9,High,Single batch item conservative cap; Withdrawal pattern risk adjustment (-10%),Order 12 units (7 + 5 high risk buffer) (Pattern: No_Consumption),0.16666666666666666,0.14166666666666666,0.2333333333333333,0.3333333333333333,2,0.0,0.5,0.42533333333333334,0,1,0.5,5.0,0.9803921568627452,1,0,Poor
Rinse Dry,Lts,HK Chemicals,11216.394,Highly_Predictable_Batches,46,13,0,199,15,41.3,Medium,Single batch item conservative cap,Order 18 units (15 + 3 medium risk buffer),0.3333333333333333,0.27658730158730155,0.3333333333333333,0.3333333333333333,2,0.0,0.5,0.578,0,0,1.5,7.5,0.32894736842105265,1,0,Poor
OC-12 Multipurpose Cleaner,Lts,HK Chemicals,4734.45,Regular_Weekly_Batches,33,22,12,131,42,44.9,Medium,No adjustments,Order 52 units (42 + 10 medium risk buffer),0.95,0.7825396825396824,0.8366666666666667,0.6666666666666666,2,0.0,0.5,0.5369608537975873,0,0,5.5,5.142857142857142,0.027247956403269748,0,0,Poor
OC-7 Floor Cleaner,Lts,HK Chemicals,4323.942,No_Consumption,9,4,89,142,7,28.3,High,Single batch item conservative cap; Withdrawal pattern risk adjustment (-10%),Order 12 units (7 + 5 high risk buffer) (Pattern: No_Consumption),0.16666666666666666,0.13492063492063489,0.09999999999999999,0.0,2,0.0,0.5,0.44933333333333336,0,1,1.0,2.5,0.9615384615384615,1,0,Poor
OC-5, ,HK Chemicals,8255.52,Highly_Predictable_Batches,12,7,0,145,3,40.7,Medium,Single batch item conservative cap,Order 6 units (3 + 3 medium risk buffer),0.06666666666666667,0.055317460317460314,0.06666666666666667,0.06666666666666667,2,0.0,0.5,0.578,0,0,1.5,1.5,0.3125,1,0,Poor
OC-3 Glass Cleaner,Lts,HK Chemicals,2612.736,Highly_Predictable_Batches,44,37,28,135,54,46.5,Medium,No adjustments,Order 67 units (54 + 13 medium risk buffer),0.6666666666666666,0.5464285714285714,0.5333333333333333,0.3333333333333333,2,0.0,0.5,0.5478066259242218,0,0,3.5,5.5,0.08928571428571429,0,0,Fair
OC- 9, ,HK Chemicals,4533.732,No_Consumption,5,0,0,73,0,15.0,High,Single batch item conservative cap; Withdrawal pattern risk adjustment (-10%),Order 5 units (0 + 5 high risk buffer) (Pattern: No_Consumption),0.0,0.0,0.0,0.0,2,0.0,1.0,0.5800000000000001,0,1,0.0,0.0,0.0,1,0,Poor
OC-10 Magic Shine,Lts,HK Chemicals,4351.158,No_Consumption,5,0,0,71,0,15.0,High,Single batch item conservative cap; Withdrawal pattern risk adjustment (-10%),Order 5 units (0 + 5 high risk buffer) (Pattern: No_Consumption),0.0,0.0,0.0,0.0,2,0.0,1.0,0.5800000000000001,0,1,0.0,0.0,0.0,1,0,Poor
OC- 6 Toilet Bowl cleaner,Lts,HK Chemicals,1683.99,Regular_Weekly_Batches,50,42,33,90,51,44.9,Medium,No adjustments,Order 63 units (51 + 12 medium risk buffer),1.6,1.322222222222222,1.4933333333333332,1.3333333333333333,2,0.0,0.5,0.5384211272807049,0,0,6.5,8.11111111111111,0.2300405953991881,0,0,Poor
Lime Away,Lts,HK Chemicals,7821.198,Highly_Predictable_Batches,59,50,0,169,64,47.1,Medium,No adjustments,Order 80 units (64 + 16 medium risk buffer),0.8333333333333333,0.6948412698412698,0.8999999999999999,1.0,2,0.0,0.5,0.5679157713103323,0,0,5.0,5.0,0.0,0,0,Fair
T-brush,Bottles,HK Consumables,0.0,No_Consumption,7,7,74,37,3,26.9,High,Single batch item conservative cap; Withdrawal pattern risk adjustment (-10%),Order 8 units (3 + 5 high risk buffer) (Pattern: No_Consumption),0.08333333333333333,0.06746031746031744,0.049999999999999996,0.0,2,0.0,0.5,0.4366969696969697,0,1,0.5,2.5,0.9615384615384615,1,0,Poor
Urinal Cake,No's,HK Consumables,11.8,Regular_Weekly_Batches,84,143,0,43,39,40.3,Medium,Single batch item conservative cap,Order 48 units (39 + 9 medium risk buffer),0.8666666666666667,0.7164285714285714,0.8133333333333332,0.7333333333333333,2,0.0,0.5,0.5373045977011495,0,0,1.5,20.5,0.4611650485436893,1,0,Poor
Kaapi Tablets, ,Pantry Consumable,0.0,No_Consumption,7,7,74,37,3,26.9,High,Single batch item conservative cap; Withdrawal pattern risk adjustment (-10%),Order 8 units (3 + 5 high risk buffer) (Pattern: No_Consumption),0.08333333333333333,0.06746031746031744,0.049999999999999996,0.0,2,0.0,0.5,0.4366969696969697,0,1,0.5,2.5,0.9615384615384615,1,0,Poor
